{"name":"SOF302-Lab1","classpathEntries":[{"kind":"binary","path":"D:\\Program Files\\eclipse\\plugins\\org.eclipse.justj.openjdk.hotspot.jre.full.win32.x86_64_17.0.2.v20220201-1208\\jre\\lib\\jrt-fs.jar","sourceContainerUrl":"file:/D:/Program%20Files/eclipse/plugins/org.eclipse.justj.openjdk.hotspot.jre.full.win32.x86_64_17.0.2.v20220201-1208/jre/lib/src.zip","javadocContainerUrl":"https://docs.oracle.com/javase/17/docs/api/","isSystem":true,"isOwn":false,"isTest":false,"isJavaContent":false},{"kind":"binary","path":"C:\\Users\\duyplus\\.m2\\repository\\org\\springframework\\boot\\spring-boot-starter-web\\2.6.7\\spring-boot-starter-web-2.6.7.jar","sourceContainerUrl":"file:/C:/Users/duyplus/.m2/repository/org/springframework/boot/spring-boot-starter-web/2.6.7/spring-boot-starter-web-2.6.7-sources.jar","javadocContainerUrl":"file:/C:/Users/duyplus/.m2/repository/org/springframework/boot/spring-boot-starter-web/2.6.7/spring-boot-starter-web-2.6.7-javadoc.jar","isSystem":false,"isOwn":false,"isTest":false,"isJavaContent":false},{"kind":"binary","path":"C:\\Users\\duyplus\\.m2\\repository\\org\\springframework\\boot\\spring-boot-starter\\2.6.7\\spring-boot-starter-2.6.7.jar","sourceContainerUrl":"file:/C:/Users/duyplus/.m2/repository/org/springframework/boot/spring-boot-starter/2.6.7/spring-boot-starter-2.6.7-sources.jar","javadocContainerUrl":"file:/C:/Users/duyplus/.m2/repository/org/springframework/boot/spring-boot-starter/2.6.7/spring-boot-starter-2.6.7-javadoc.jar","isSystem":false,"isOwn":false,"isTest":false,"isJavaContent":false},{"kind":"binary","path":"C:\\Users\\duyplus\\.m2\\repository\\org\\springframework\\boot\\spring-boot-starter-logging\\2.6.7\\spring-boot-starter-logging-2.6.7.jar","sourceContainerUrl":"file:/C:/Users/duyplus/.m2/repository/org/springframework/boot/spring-boot-starter-logging/2.6.7/spring-boot-starter-logging-2.6.7-sources.jar","javadocContainerUrl":"file:/C:/Users/duyplus/.m2/repository/org/springframework/boot/spring-boot-starter-logging/2.6.7/spring-boot-starter-logging-2.6.7-javadoc.jar","isSystem":false,"isOwn":false,"isTest":false,"isJavaContent":false},{"kind":"binary","path":"C:\\Users\\duyplus\\.m2\\repository\\ch\\qos\\logback\\logback-classic\\1.2.11\\logback-classic-1.2.11.jar","sourceContainerUrl":"file:/C:/Users/duyplus/.m2/repository/ch/qos/logback/logback-classic/1.2.11/logback-classic-1.2.11-sources.jar","javadocContainerUrl":"file:/C:/Users/duyplus/.m2/repository/ch/qos/logback/logback-classic/1.2.11/logback-classic-1.2.11-javadoc.jar","isSystem":false,"isOwn":false,"isTest":false,"isJavaContent":false},{"kind":"binary","path":"C:\\Users\\duyplus\\.m2\\repository\\ch\\qos\\logback\\logback-core\\1.2.11\\logback-core-1.2.11.jar","sourceContainerUrl":"file:/C:/Users/duyplus/.m2/repository/ch/qos/logback/logback-core/1.2.11/logback-core-1.2.11-sources.jar","javadocContainerUrl":"file:/C:/Users/duyplus/.m2/repository/ch/qos/logback/logback-core/1.2.11/logback-core-1.2.11-javadoc.jar","isSystem":false,"isOwn":false,"isTest":false,"isJavaContent":false},{"kind":"binary","path":"C:\\Users\\duyplus\\.m2\\repository\\org\\apache\\logging\\log4j\\log4j-to-slf4j\\2.17.2\\log4j-to-slf4j-2.17.2.jar","sourceContainerUrl":"file:/C:/Users/duyplus/.m2/repository/org/apache/logging/log4j/log4j-to-slf4j/2.17.2/log4j-to-slf4j-2.17.2-sources.jar","javadocContainerUrl":"file:/C:/Users/duyplus/.m2/repository/org/apache/logging/log4j/log4j-to-slf4j/2.17.2/log4j-to-slf4j-2.17.2-javadoc.jar","isSystem":false,"isOwn":false,"isTest":false,"isJavaContent":false},{"kind":"binary","path":"C:\\Users\\duyplus\\.m2\\repository\\org\\apache\\logging\\log4j\\log4j-api\\2.17.2\\log4j-api-2.17.2.jar","sourceContainerUrl":"file:/C:/Users/duyplus/.m2/repository/org/apache/logging/log4j/log4j-api/2.17.2/log4j-api-2.17.2-sources.jar","javadocContainerUrl":"file:/C:/Users/duyplus/.m2/repository/org/apache/logging/log4j/log4j-api/2.17.2/log4j-api-2.17.2-javadoc.jar","isSystem":false,"isOwn":false,"isTest":false,"isJavaContent":false},{"kind":"binary","path":"C:\\Users\\duyplus\\.m2\\repository\\org\\slf4j\\jul-to-slf4j\\1.7.36\\jul-to-slf4j-1.7.36.jar","sourceContainerUrl":"file:/C:/Users/duyplus/.m2/repository/org/slf4j/jul-to-slf4j/1.7.36/jul-to-slf4j-1.7.36-sources.jar","javadocContainerUrl":"file:/C:/Users/duyplus/.m2/repository/org/slf4j/jul-to-slf4j/1.7.36/jul-to-slf4j-1.7.36-javadoc.jar","isSystem":false,"isOwn":false,"isTest":false,"isJavaContent":false},{"kind":"binary","path":"C:\\Users\\duyplus\\.m2\\repository\\org\\yaml\\snakeyaml\\1.29\\snakeyaml-1.29.jar","sourceContainerUrl":"file:/C:/Users/duyplus/.m2/repository/org/yaml/snakeyaml/1.29/snakeyaml-1.29-sources.jar","javadocContainerUrl":"file:/C:/Users/duyplus/.m2/repository/org/yaml/snakeyaml/1.29/snakeyaml-1.29-javadoc.jar","isSystem":false,"isOwn":false,"isTest":false,"isJavaContent":false},{"kind":"binary","path":"C:\\Users\\duyplus\\.m2\\repository\\org\\springframework\\boot\\spring-boot-starter-json\\2.6.7\\spring-boot-starter-json-2.6.7.jar","sourceContainerUrl":"file:/C:/Users/duyplus/.m2/repository/org/springframework/boot/spring-boot-starter-json/2.6.7/spring-boot-starter-json-2.6.7-sources.jar","javadocContainerUrl":"file:/C:/Users/duyplus/.m2/repository/org/springframework/boot/spring-boot-starter-json/2.6.7/spring-boot-starter-json-2.6.7-javadoc.jar","isSystem":false,"isOwn":false,"isTest":false,"isJavaContent":false},{"kind":"binary","path":"C:\\Users\\duyplus\\.m2\\repository\\com\\fasterxml\\jackson\\core\\jackson-databind\\2.13.2.1\\jackson-databind-2.13.2.1.jar","sourceContainerUrl":"file:/C:/Users/duyplus/.m2/repository/com/fasterxml/jackson/core/jackson-databind/2.13.2.1/jackson-databind-2.13.2.1-sources.jar","javadocContainerUrl":"file:/C:/Users/duyplus/.m2/repository/com/fasterxml/jackson/core/jackson-databind/2.13.2.1/jackson-databind-2.13.2.1-javadoc.jar","isSystem":false,"isOwn":false,"isTest":false,"isJavaContent":false},{"kind":"binary","path":"C:\\Users\\duyplus\\.m2\\repository\\com\\fasterxml\\jackson\\core\\jackson-annotations\\2.13.2\\jackson-annotations-2.13.2.jar","sourceContainerUrl":"file:/C:/Users/duyplus/.m2/repository/com/fasterxml/jackson/core/jackson-annotations/2.13.2/jackson-annotations-2.13.2-sources.jar","javadocContainerUrl":"file:/C:/Users/duyplus/.m2/repository/com/fasterxml/jackson/core/jackson-annotations/2.13.2/jackson-annotations-2.13.2-javadoc.jar","isSystem":false,"isOwn":false,"isTest":false,"isJavaContent":false},{"kind":"binary","path":"C:\\Users\\duyplus\\.m2\\repository\\com\\fasterxml\\jackson\\core\\jackson-core\\2.13.2\\jackson-core-2.13.2.jar","sourceContainerUrl":"file:/C:/Users/duyplus/.m2/repository/com/fasterxml/jackson/core/jackson-core/2.13.2/jackson-core-2.13.2-sources.jar","javadocContainerUrl":"file:/C:/Users/duyplus/.m2/repository/com/fasterxml/jackson/core/jackson-core/2.13.2/jackson-core-2.13.2-javadoc.jar","isSystem":false,"isOwn":false,"isTest":false,"isJavaContent":false},{"kind":"binary","path":"C:\\Users\\duyplus\\.m2\\repository\\com\\fasterxml\\jackson\\datatype\\jackson-datatype-jdk8\\2.13.2\\jackson-datatype-jdk8-2.13.2.jar","sourceContainerUrl":"file:/C:/Users/duyplus/.m2/repository/com/fasterxml/jackson/datatype/jackson-datatype-jdk8/2.13.2/jackson-datatype-jdk8-2.13.2-sources.jar","javadocContainerUrl":"file:/C:/Users/duyplus/.m2/repository/com/fasterxml/jackson/datatype/jackson-datatype-jdk8/2.13.2/jackson-datatype-jdk8-2.13.2-javadoc.jar","isSystem":false,"isOwn":false,"isTest":false,"isJavaContent":false},{"kind":"binary","path":"C:\\Users\\duyplus\\.m2\\repository\\com\\fasterxml\\jackson\\datatype\\jackson-datatype-jsr310\\2.13.2\\jackson-datatype-jsr310-2.13.2.jar","sourceContainerUrl":"file:/C:/Users/duyplus/.m2/repository/com/fasterxml/jackson/datatype/jackson-datatype-jsr310/2.13.2/jackson-datatype-jsr310-2.13.2-sources.jar","javadocContainerUrl":"file:/C:/Users/duyplus/.m2/repository/com/fasterxml/jackson/datatype/jackson-datatype-jsr310/2.13.2/jackson-datatype-jsr310-2.13.2-javadoc.jar","isSystem":false,"isOwn":false,"isTest":false,"isJavaContent":false},{"kind":"binary","path":"C:\\Users\\duyplus\\.m2\\repository\\com\\fasterxml\\jackson\\module\\jackson-module-parameter-names\\2.13.2\\jackson-module-parameter-names-2.13.2.jar","sourceContainerUrl":"file:/C:/Users/duyplus/.m2/repository/com/fasterxml/jackson/module/jackson-module-parameter-names/2.13.2/jackson-module-parameter-names-2.13.2-sources.jar","javadocContainerUrl":"file:/C:/Users/duyplus/.m2/repository/com/fasterxml/jackson/module/jackson-module-parameter-names/2.13.2/jackson-module-parameter-names-2.13.2-javadoc.jar","isSystem":false,"isOwn":false,"isTest":false,"isJavaContent":false},{"kind":"binary","path":"C:\\Users\\duyplus\\.m2\\repository\\org\\springframework\\spring-web\\5.3.19\\spring-web-5.3.19.jar","sourceContainerUrl":"file:/C:/Users/duyplus/.m2/repository/org/springframework/spring-web/5.3.19/spring-web-5.3.19-sources.jar","javadocContainerUrl":"file:/C:/Users/duyplus/.m2/repository/org/springframework/spring-web/5.3.19/spring-web-5.3.19-javadoc.jar","isSystem":false,"isOwn":false,"isTest":false,"isJavaContent":false},{"kind":"binary","path":"C:\\Users\\duyplus\\.m2\\repository\\org\\springframework\\spring-beans\\5.3.19\\spring-beans-5.3.19.jar","sourceContainerUrl":"file:/C:/Users/duyplus/.m2/repository/org/springframework/spring-beans/5.3.19/spring-beans-5.3.19-sources.jar","javadocContainerUrl":"file:/C:/Users/duyplus/.m2/repository/org/springframework/spring-beans/5.3.19/spring-beans-5.3.19-javadoc.jar","isSystem":false,"isOwn":false,"isTest":false,"isJavaContent":false},{"kind":"binary","path":"C:\\Users\\duyplus\\.m2\\repository\\org\\springframework\\spring-webmvc\\5.3.19\\spring-webmvc-5.3.19.jar","sourceContainerUrl":"file:/C:/Users/duyplus/.m2/repository/org/springframework/spring-webmvc/5.3.19/spring-webmvc-5.3.19-sources.jar","javadocContainerUrl":"file:/C:/Users/duyplus/.m2/repository/org/springframework/spring-webmvc/5.3.19/spring-webmvc-5.3.19-javadoc.jar","isSystem":false,"isOwn":false,"isTest":false,"isJavaContent":false},{"kind":"binary","path":"C:\\Users\\duyplus\\.m2\\repository\\org\\springframework\\spring-aop\\5.3.19\\spring-aop-5.3.19.jar","sourceContainerUrl":"file:/C:/Users/duyplus/.m2/repository/org/springframework/spring-aop/5.3.19/spring-aop-5.3.19-sources.jar","javadocContainerUrl":"file:/C:/Users/duyplus/.m2/repository/org/springframework/spring-aop/5.3.19/spring-aop-5.3.19-javadoc.jar","isSystem":false,"isOwn":false,"isTest":false,"isJavaContent":false},{"kind":"binary","path":"C:\\Users\\duyplus\\.m2\\repository\\org\\springframework\\spring-context\\5.3.19\\spring-context-5.3.19.jar","sourceContainerUrl":"file:/C:/Users/duyplus/.m2/repository/org/springframework/spring-context/5.3.19/spring-context-5.3.19-sources.jar","javadocContainerUrl":"file:/C:/Users/duyplus/.m2/repository/org/springframework/spring-context/5.3.19/spring-context-5.3.19-javadoc.jar","isSystem":false,"isOwn":false,"isTest":false,"isJavaContent":false},{"kind":"binary","path":"C:\\Users\\duyplus\\.m2\\repository\\org\\springframework\\spring-expression\\5.3.19\\spring-expression-5.3.19.jar","sourceContainerUrl":"file:/C:/Users/duyplus/.m2/repository/org/springframework/spring-expression/5.3.19/spring-expression-5.3.19-sources.jar","javadocContainerUrl":"file:/C:/Users/duyplus/.m2/repository/org/springframework/spring-expression/5.3.19/spring-expression-5.3.19-javadoc.jar","isSystem":false,"isOwn":false,"isTest":false,"isJavaContent":false},{"kind":"binary","path":"C:\\Users\\duyplus\\.m2\\repository\\org\\springframework\\boot\\spring-boot-starter-tomcat\\2.6.7\\spring-boot-starter-tomcat-2.6.7.jar","sourceContainerUrl":"file:/C:/Users/duyplus/.m2/repository/org/springframework/boot/spring-boot-starter-tomcat/2.6.7/spring-boot-starter-tomcat-2.6.7-sources.jar","javadocContainerUrl":"file:/C:/Users/duyplus/.m2/repository/org/springframework/boot/spring-boot-starter-tomcat/2.6.7/spring-boot-starter-tomcat-2.6.7-javadoc.jar","isSystem":false,"isOwn":false,"isTest":false,"isJavaContent":false},{"kind":"binary","path":"C:\\Users\\duyplus\\.m2\\repository\\jakarta\\annotation\\jakarta.annotation-api\\1.3.5\\jakarta.annotation-api-1.3.5.jar","sourceContainerUrl":"file:/C:/Users/duyplus/.m2/repository/jakarta/annotation/jakarta.annotation-api/1.3.5/jakarta.annotation-api-1.3.5-sources.jar","javadocContainerUrl":"file:/C:/Users/duyplus/.m2/repository/jakarta/annotation/jakarta.annotation-api/1.3.5/jakarta.annotation-api-1.3.5-javadoc.jar","isSystem":false,"isOwn":false,"isTest":false,"isJavaContent":false},{"kind":"binary","path":"C:\\Users\\duyplus\\.m2\\repository\\org\\apache\\tomcat\\embed\\tomcat-embed-core\\9.0.62\\tomcat-embed-core-9.0.62.jar","sourceContainerUrl":"file:/C:/Users/duyplus/.m2/repository/org/apache/tomcat/embed/tomcat-embed-core/9.0.62/tomcat-embed-core-9.0.62-sources.jar","isSystem":false,"isOwn":false,"isTest":false,"isJavaContent":false},{"kind":"binary","path":"C:\\Users\\duyplus\\.m2\\repository\\org\\apache\\tomcat\\embed\\tomcat-embed-el\\9.0.62\\tomcat-embed-el-9.0.62.jar","sourceContainerUrl":"file:/C:/Users/duyplus/.m2/repository/org/apache/tomcat/embed/tomcat-embed-el/9.0.62/tomcat-embed-el-9.0.62-sources.jar","isSystem":false,"isOwn":false,"isTest":false,"isJavaContent":false},{"kind":"binary","path":"C:\\Users\\duyplus\\.m2\\repository\\org\\apache\\tomcat\\embed\\tomcat-embed-websocket\\9.0.62\\tomcat-embed-websocket-9.0.62.jar","sourceContainerUrl":"file:/C:/Users/duyplus/.m2/repository/org/apache/tomcat/embed/tomcat-embed-websocket/9.0.62/tomcat-embed-websocket-9.0.62-sources.jar","isSystem":false,"isOwn":false,"isTest":false,"isJavaContent":false},{"kind":"binary","path":"C:\\Users\\duyplus\\.m2\\repository\\org\\springframework\\boot\\spring-boot-starter-test\\2.6.7\\spring-boot-starter-test-2.6.7.jar","sourceContainerUrl":"file:/C:/Users/duyplus/.m2/repository/org/springframework/boot/spring-boot-starter-test/2.6.7/spring-boot-starter-test-2.6.7-sources.jar","javadocContainerUrl":"file:/C:/Users/duyplus/.m2/repository/org/springframework/boot/spring-boot-starter-test/2.6.7/spring-boot-starter-test-2.6.7-javadoc.jar","isSystem":false,"isOwn":false,"isTest":false,"isJavaContent":false},{"kind":"binary","path":"C:\\Users\\duyplus\\.m2\\repository\\org\\springframework\\boot\\spring-boot-test\\2.6.7\\spring-boot-test-2.6.7.jar","sourceContainerUrl":"file:/C:/Users/duyplus/.m2/repository/org/springframework/boot/spring-boot-test/2.6.7/spring-boot-test-2.6.7-sources.jar","javadocContainerUrl":"file:/C:/Users/duyplus/.m2/repository/org/springframework/boot/spring-boot-test/2.6.7/spring-boot-test-2.6.7-javadoc.jar","isSystem":false,"isOwn":false,"isTest":false,"isJavaContent":false},{"kind":"binary","path":"C:\\Users\\duyplus\\.m2\\repository\\org\\springframework\\boot\\spring-boot-test-autoconfigure\\2.6.7\\spring-boot-test-autoconfigure-2.6.7.jar","sourceContainerUrl":"file:/C:/Users/duyplus/.m2/repository/org/springframework/boot/spring-boot-test-autoconfigure/2.6.7/spring-boot-test-autoconfigure-2.6.7-sources.jar","javadocContainerUrl":"file:/C:/Users/duyplus/.m2/repository/org/springframework/boot/spring-boot-test-autoconfigure/2.6.7/spring-boot-test-autoconfigure-2.6.7-javadoc.jar","isSystem":false,"isOwn":false,"isTest":false,"isJavaContent":false},{"kind":"binary","path":"C:\\Users\\duyplus\\.m2\\repository\\com\\jayway\\jsonpath\\json-path\\2.6.0\\json-path-2.6.0.jar","sourceContainerUrl":"file:/C:/Users/duyplus/.m2/repository/com/jayway/jsonpath/json-path/2.6.0/json-path-2.6.0-sources.jar","javadocContainerUrl":"file:/C:/Users/duyplus/.m2/repository/com/jayway/jsonpath/json-path/2.6.0/json-path-2.6.0-javadoc.jar","isSystem":false,"isOwn":false,"isTest":false,"isJavaContent":false},{"kind":"binary","path":"C:\\Users\\duyplus\\.m2\\repository\\net\\minidev\\json-smart\\2.4.8\\json-smart-2.4.8.jar","sourceContainerUrl":"file:/C:/Users/duyplus/.m2/repository/net/minidev/json-smart/2.4.8/json-smart-2.4.8-sources.jar","javadocContainerUrl":"file:/C:/Users/duyplus/.m2/repository/net/minidev/json-smart/2.4.8/json-smart-2.4.8-javadoc.jar","isSystem":false,"isOwn":false,"isTest":false,"isJavaContent":false},{"kind":"binary","path":"C:\\Users\\duyplus\\.m2\\repository\\net\\minidev\\accessors-smart\\2.4.8\\accessors-smart-2.4.8.jar","sourceContainerUrl":"file:/C:/Users/duyplus/.m2/repository/net/minidev/accessors-smart/2.4.8/accessors-smart-2.4.8-sources.jar","javadocContainerUrl":"file:/C:/Users/duyplus/.m2/repository/net/minidev/accessors-smart/2.4.8/accessors-smart-2.4.8-javadoc.jar","isSystem":false,"isOwn":false,"isTest":false,"isJavaContent":false},{"kind":"binary","path":"C:\\Users\\duyplus\\.m2\\repository\\org\\ow2\\asm\\asm\\9.1\\asm-9.1.jar","sourceContainerUrl":"file:/C:/Users/duyplus/.m2/repository/org/ow2/asm/asm/9.1/asm-9.1-sources.jar","javadocContainerUrl":"file:/C:/Users/duyplus/.m2/repository/org/ow2/asm/asm/9.1/asm-9.1-javadoc.jar","isSystem":false,"isOwn":false,"isTest":false,"isJavaContent":false},{"kind":"binary","path":"C:\\Users\\duyplus\\.m2\\repository\\org\\slf4j\\slf4j-api\\1.7.36\\slf4j-api-1.7.36.jar","sourceContainerUrl":"file:/C:/Users/duyplus/.m2/repository/org/slf4j/slf4j-api/1.7.36/slf4j-api-1.7.36-sources.jar","javadocContainerUrl":"file:/C:/Users/duyplus/.m2/repository/org/slf4j/slf4j-api/1.7.36/slf4j-api-1.7.36-javadoc.jar","isSystem":false,"isOwn":false,"isTest":false,"isJavaContent":false},{"kind":"binary","path":"C:\\Users\\duyplus\\.m2\\repository\\jakarta\\xml\\bind\\jakarta.xml.bind-api\\2.3.3\\jakarta.xml.bind-api-2.3.3.jar","sourceContainerUrl":"file:/C:/Users/duyplus/.m2/repository/jakarta/xml/bind/jakarta.xml.bind-api/2.3.3/jakarta.xml.bind-api-2.3.3-sources.jar","javadocContainerUrl":"file:/C:/Users/duyplus/.m2/repository/jakarta/xml/bind/jakarta.xml.bind-api/2.3.3/jakarta.xml.bind-api-2.3.3-javadoc.jar","isSystem":false,"isOwn":false,"isTest":false,"isJavaContent":false},{"kind":"binary","path":"C:\\Users\\duyplus\\.m2\\repository\\jakarta\\activation\\jakarta.activation-api\\1.2.2\\jakarta.activation-api-1.2.2.jar","sourceContainerUrl":"file:/C:/Users/duyplus/.m2/repository/jakarta/activation/jakarta.activation-api/1.2.2/jakarta.activation-api-1.2.2-sources.jar","javadocContainerUrl":"file:/C:/Users/duyplus/.m2/repository/jakarta/activation/jakarta.activation-api/1.2.2/jakarta.activation-api-1.2.2-javadoc.jar","isSystem":false,"isOwn":false,"isTest":false,"isJavaContent":false},{"kind":"binary","path":"C:\\Users\\duyplus\\.m2\\repository\\org\\assertj\\assertj-core\\3.21.0\\assertj-core-3.21.0.jar","sourceContainerUrl":"file:/C:/Users/duyplus/.m2/repository/org/assertj/assertj-core/3.21.0/assertj-core-3.21.0-sources.jar","javadocContainerUrl":"file:/C:/Users/duyplus/.m2/repository/org/assertj/assertj-core/3.21.0/assertj-core-3.21.0-javadoc.jar","isSystem":false,"isOwn":false,"isTest":false,"isJavaContent":false},{"kind":"binary","path":"C:\\Users\\duyplus\\.m2\\repository\\org\\hamcrest\\hamcrest\\2.2\\hamcrest-2.2.jar","sourceContainerUrl":"file:/C:/Users/duyplus/.m2/repository/org/hamcrest/hamcrest/2.2/hamcrest-2.2-sources.jar","javadocContainerUrl":"file:/C:/Users/duyplus/.m2/repository/org/hamcrest/hamcrest/2.2/hamcrest-2.2-javadoc.jar","isSystem":false,"isOwn":false,"isTest":false,"isJavaContent":false},{"kind":"binary","path":"C:\\Users\\duyplus\\.m2\\repository\\org\\junit\\jupiter\\junit-jupiter\\5.8.2\\junit-jupiter-5.8.2.jar","sourceContainerUrl":"file:/C:/Users/duyplus/.m2/repository/org/junit/jupiter/junit-jupiter/5.8.2/junit-jupiter-5.8.2-sources.jar","javadocContainerUrl":"file:/C:/Users/duyplus/.m2/repository/org/junit/jupiter/junit-jupiter/5.8.2/junit-jupiter-5.8.2-javadoc.jar","isSystem":false,"isOwn":false,"isTest":false,"isJavaContent":false},{"kind":"binary","path":"C:\\Users\\duyplus\\.m2\\repository\\org\\junit\\jupiter\\junit-jupiter-api\\5.8.2\\junit-jupiter-api-5.8.2.jar","sourceContainerUrl":"file:/C:/Users/duyplus/.m2/repository/org/junit/jupiter/junit-jupiter-api/5.8.2/junit-jupiter-api-5.8.2-sources.jar","javadocContainerUrl":"file:/C:/Users/duyplus/.m2/repository/org/junit/jupiter/junit-jupiter-api/5.8.2/junit-jupiter-api-5.8.2-javadoc.jar","isSystem":false,"isOwn":false,"isTest":false,"isJavaContent":false},{"kind":"binary","path":"C:\\Users\\duyplus\\.m2\\repository\\org\\opentest4j\\opentest4j\\1.2.0\\opentest4j-1.2.0.jar","sourceContainerUrl":"file:/C:/Users/duyplus/.m2/repository/org/opentest4j/opentest4j/1.2.0/opentest4j-1.2.0-sources.jar","javadocContainerUrl":"file:/C:/Users/duyplus/.m2/repository/org/opentest4j/opentest4j/1.2.0/opentest4j-1.2.0-javadoc.jar","isSystem":false,"isOwn":false,"isTest":false,"isJavaContent":false},{"kind":"binary","path":"C:\\Users\\duyplus\\.m2\\repository\\org\\junit\\platform\\junit-platform-commons\\1.8.2\\junit-platform-commons-1.8.2.jar","sourceContainerUrl":"file:/C:/Users/duyplus/.m2/repository/org/junit/platform/junit-platform-commons/1.8.2/junit-platform-commons-1.8.2-sources.jar","javadocContainerUrl":"file:/C:/Users/duyplus/.m2/repository/org/junit/platform/junit-platform-commons/1.8.2/junit-platform-commons-1.8.2-javadoc.jar","isSystem":false,"isOwn":false,"isTest":false,"isJavaContent":false},{"kind":"binary","path":"C:\\Users\\duyplus\\.m2\\repository\\org\\apiguardian\\apiguardian-api\\1.1.2\\apiguardian-api-1.1.2.jar","sourceContainerUrl":"file:/C:/Users/duyplus/.m2/repository/org/apiguardian/apiguardian-api/1.1.2/apiguardian-api-1.1.2-sources.jar","javadocContainerUrl":"file:/C:/Users/duyplus/.m2/repository/org/apiguardian/apiguardian-api/1.1.2/apiguardian-api-1.1.2-javadoc.jar","isSystem":false,"isOwn":false,"isTest":false,"isJavaContent":false},{"kind":"binary","path":"C:\\Users\\duyplus\\.m2\\repository\\org\\junit\\jupiter\\junit-jupiter-params\\5.8.2\\junit-jupiter-params-5.8.2.jar","sourceContainerUrl":"file:/C:/Users/duyplus/.m2/repository/org/junit/jupiter/junit-jupiter-params/5.8.2/junit-jupiter-params-5.8.2-sources.jar","javadocContainerUrl":"file:/C:/Users/duyplus/.m2/repository/org/junit/jupiter/junit-jupiter-params/5.8.2/junit-jupiter-params-5.8.2-javadoc.jar","isSystem":false,"isOwn":false,"isTest":false,"isJavaContent":false},{"kind":"binary","path":"C:\\Users\\duyplus\\.m2\\repository\\org\\junit\\jupiter\\junit-jupiter-engine\\5.8.2\\junit-jupiter-engine-5.8.2.jar","sourceContainerUrl":"file:/C:/Users/duyplus/.m2/repository/org/junit/jupiter/junit-jupiter-engine/5.8.2/junit-jupiter-engine-5.8.2-sources.jar","javadocContainerUrl":"file:/C:/Users/duyplus/.m2/repository/org/junit/jupiter/junit-jupiter-engine/5.8.2/junit-jupiter-engine-5.8.2-javadoc.jar","isSystem":false,"isOwn":false,"isTest":false,"isJavaContent":false},{"kind":"binary","path":"C:\\Users\\duyplus\\.m2\\repository\\org\\junit\\platform\\junit-platform-engine\\1.8.2\\junit-platform-engine-1.8.2.jar","sourceContainerUrl":"file:/C:/Users/duyplus/.m2/repository/org/junit/platform/junit-platform-engine/1.8.2/junit-platform-engine-1.8.2-sources.jar","javadocContainerUrl":"file:/C:/Users/duyplus/.m2/repository/org/junit/platform/junit-platform-engine/1.8.2/junit-platform-engine-1.8.2-javadoc.jar","isSystem":false,"isOwn":false,"isTest":false,"isJavaContent":false},{"kind":"binary","path":"C:\\Users\\duyplus\\.m2\\repository\\org\\mockito\\mockito-core\\4.0.0\\mockito-core-4.0.0.jar","sourceContainerUrl":"file:/C:/Users/duyplus/.m2/repository/org/mockito/mockito-core/4.0.0/mockito-core-4.0.0-sources.jar","javadocContainerUrl":"file:/C:/Users/duyplus/.m2/repository/org/mockito/mockito-core/4.0.0/mockito-core-4.0.0-javadoc.jar","isSystem":false,"isOwn":false,"isTest":false,"isJavaContent":false},{"kind":"binary","path":"C:\\Users\\duyplus\\.m2\\repository\\net\\bytebuddy\\byte-buddy\\1.11.22\\byte-buddy-1.11.22.jar","sourceContainerUrl":"file:/C:/Users/duyplus/.m2/repository/net/bytebuddy/byte-buddy/1.11.22/byte-buddy-1.11.22-sources.jar","javadocContainerUrl":"file:/C:/Users/duyplus/.m2/repository/net/bytebuddy/byte-buddy/1.11.22/byte-buddy-1.11.22-javadoc.jar","isSystem":false,"isOwn":false,"isTest":false,"isJavaContent":false},{"kind":"binary","path":"C:\\Users\\duyplus\\.m2\\repository\\net\\bytebuddy\\byte-buddy-agent\\1.11.22\\byte-buddy-agent-1.11.22.jar","sourceContainerUrl":"file:/C:/Users/duyplus/.m2/repository/net/bytebuddy/byte-buddy-agent/1.11.22/byte-buddy-agent-1.11.22-sources.jar","javadocContainerUrl":"file:/C:/Users/duyplus/.m2/repository/net/bytebuddy/byte-buddy-agent/1.11.22/byte-buddy-agent-1.11.22-javadoc.jar","isSystem":false,"isOwn":false,"isTest":false,"isJavaContent":false},{"kind":"binary","path":"C:\\Users\\duyplus\\.m2\\repository\\org\\objenesis\\objenesis\\3.2\\objenesis-3.2.jar","sourceContainerUrl":"file:/C:/Users/duyplus/.m2/repository/org/objenesis/objenesis/3.2/objenesis-3.2-sources.jar","javadocContainerUrl":"file:/C:/Users/duyplus/.m2/repository/org/objenesis/objenesis/3.2/objenesis-3.2-javadoc.jar","isSystem":false,"isOwn":false,"isTest":false,"isJavaContent":false},{"kind":"binary","path":"C:\\Users\\duyplus\\.m2\\repository\\org\\mockito\\mockito-junit-jupiter\\4.0.0\\mockito-junit-jupiter-4.0.0.jar","sourceContainerUrl":"file:/C:/Users/duyplus/.m2/repository/org/mockito/mockito-junit-jupiter/4.0.0/mockito-junit-jupiter-4.0.0-sources.jar","javadocContainerUrl":"file:/C:/Users/duyplus/.m2/repository/org/mockito/mockito-junit-jupiter/4.0.0/mockito-junit-jupiter-4.0.0-javadoc.jar","isSystem":false,"isOwn":false,"isTest":false,"isJavaContent":false},{"kind":"binary","path":"C:\\Users\\duyplus\\.m2\\repository\\org\\skyscreamer\\jsonassert\\1.5.0\\jsonassert-1.5.0.jar","sourceContainerUrl":"file:/C:/Users/duyplus/.m2/repository/org/skyscreamer/jsonassert/1.5.0/jsonassert-1.5.0-sources.jar","javadocContainerUrl":"file:/C:/Users/duyplus/.m2/repository/org/skyscreamer/jsonassert/1.5.0/jsonassert-1.5.0-javadoc.jar","isSystem":false,"isOwn":false,"isTest":false,"isJavaContent":false},{"kind":"binary","path":"C:\\Users\\duyplus\\.m2\\repository\\com\\vaadin\\external\\google\\android-json\\0.0.20131108.vaadin1\\android-json-0.0.20131108.vaadin1.jar","sourceContainerUrl":"file:/C:/Users/duyplus/.m2/repository/com/vaadin/external/google/android-json/0.0.20131108.vaadin1/android-json-0.0.20131108.vaadin1-sources.jar","javadocContainerUrl":"file:/C:/Users/duyplus/.m2/repository/com/vaadin/external/google/android-json/0.0.20131108.vaadin1/android-json-0.0.20131108.vaadin1-javadoc.jar","isSystem":false,"isOwn":false,"isTest":false,"isJavaContent":false},{"kind":"binary","path":"C:\\Users\\duyplus\\.m2\\repository\\org\\springframework\\spring-core\\5.3.19\\spring-core-5.3.19.jar","sourceContainerUrl":"file:/C:/Users/duyplus/.m2/repository/org/springframework/spring-core/5.3.19/spring-core-5.3.19-sources.jar","javadocContainerUrl":"file:/C:/Users/duyplus/.m2/repository/org/springframework/spring-core/5.3.19/spring-core-5.3.19-javadoc.jar","isSystem":false,"isOwn":false,"isTest":false,"isJavaContent":false},{"kind":"binary","path":"C:\\Users\\duyplus\\.m2\\repository\\org\\springframework\\spring-jcl\\5.3.19\\spring-jcl-5.3.19.jar","sourceContainerUrl":"file:/C:/Users/duyplus/.m2/repository/org/springframework/spring-jcl/5.3.19/spring-jcl-5.3.19-sources.jar","javadocContainerUrl":"file:/C:/Users/duyplus/.m2/repository/org/springframework/spring-jcl/5.3.19/spring-jcl-5.3.19-javadoc.jar","isSystem":false,"isOwn":false,"isTest":false,"isJavaContent":false},{"kind":"binary","path":"C:\\Users\\duyplus\\.m2\\repository\\org\\springframework\\spring-test\\5.3.19\\spring-test-5.3.19.jar","sourceContainerUrl":"file:/C:/Users/duyplus/.m2/repository/org/springframework/spring-test/5.3.19/spring-test-5.3.19-sources.jar","javadocContainerUrl":"file:/C:/Users/duyplus/.m2/repository/org/springframework/spring-test/5.3.19/spring-test-5.3.19-javadoc.jar","isSystem":false,"isOwn":false,"isTest":false,"isJavaContent":false},{"kind":"binary","path":"C:\\Users\\duyplus\\.m2\\repository\\org\\xmlunit\\xmlunit-core\\2.8.4\\xmlunit-core-2.8.4.jar","sourceContainerUrl":"file:/C:/Users/duyplus/.m2/repository/org/xmlunit/xmlunit-core/2.8.4/xmlunit-core-2.8.4-sources.jar","javadocContainerUrl":"file:/C:/Users/duyplus/.m2/repository/org/xmlunit/xmlunit-core/2.8.4/xmlunit-core-2.8.4-javadoc.jar","isSystem":false,"isOwn":false,"isTest":false,"isJavaContent":false},{"kind":"binary","path":"C:\\Users\\duyplus\\.m2\\repository\\org\\springframework\\boot\\spring-boot-devtools\\2.6.7\\spring-boot-devtools-2.6.7.jar","sourceContainerUrl":"file:/C:/Users/duyplus/.m2/repository/org/springframework/boot/spring-boot-devtools/2.6.7/spring-boot-devtools-2.6.7-sources.jar","javadocContainerUrl":"file:/C:/Users/duyplus/.m2/repository/org/springframework/boot/spring-boot-devtools/2.6.7/spring-boot-devtools-2.6.7-javadoc.jar","isSystem":false,"isOwn":false,"isTest":false,"isJavaContent":false},{"kind":"binary","path":"C:\\Users\\duyplus\\.m2\\repository\\org\\springframework\\boot\\spring-boot\\2.6.7\\spring-boot-2.6.7.jar","sourceContainerUrl":"file:/C:/Users/duyplus/.m2/repository/org/springframework/boot/spring-boot/2.6.7/spring-boot-2.6.7-sources.jar","javadocContainerUrl":"file:/C:/Users/duyplus/.m2/repository/org/springframework/boot/spring-boot/2.6.7/spring-boot-2.6.7-javadoc.jar","isSystem":false,"isOwn":false,"isTest":false,"isJavaContent":false},{"kind":"binary","path":"C:\\Users\\duyplus\\.m2\\repository\\org\\springframework\\boot\\spring-boot-autoconfigure\\2.6.7\\spring-boot-autoconfigure-2.6.7.jar","sourceContainerUrl":"file:/C:/Users/duyplus/.m2/repository/org/springframework/boot/spring-boot-autoconfigure/2.6.7/spring-boot-autoconfigure-2.6.7-sources.jar","javadocContainerUrl":"file:/C:/Users/duyplus/.m2/repository/org/springframework/boot/spring-boot-autoconfigure/2.6.7/spring-boot-autoconfigure-2.6.7-javadoc.jar","isSystem":false,"isOwn":false,"isTest":false,"isJavaContent":false},{"kind":"binary","path":"C:\\Users\\duyplus\\.m2\\repository\\org\\apache\\tomcat\\embed\\tomcat-embed-jasper\\9.0.62\\tomcat-embed-jasper-9.0.62.jar","sourceContainerUrl":"file:/C:/Users/duyplus/.m2/repository/org/apache/tomcat/embed/tomcat-embed-jasper/9.0.62/tomcat-embed-jasper-9.0.62-sources.jar","isSystem":false,"isOwn":false,"isTest":false,"isJavaContent":false},{"kind":"binary","path":"C:\\Users\\duyplus\\.m2\\repository\\org\\eclipse\\jdt\\ecj\\3.18.0\\ecj-3.18.0.jar","sourceContainerUrl":"file:/C:/Users/duyplus/.m2/repository/org/eclipse/jdt/ecj/3.18.0/ecj-3.18.0-sources.jar","javadocContainerUrl":"file:/C:/Users/duyplus/.m2/repository/org/eclipse/jdt/ecj/3.18.0/ecj-3.18.0-javadoc.jar","isSystem":false,"isOwn":false,"isTest":false,"isJavaContent":false},{"kind":"binary","path":"C:\\Users\\duyplus\\.m2\\repository\\org\\projectlombok\\lombok\\1.18.24\\lombok-1.18.24.jar","sourceContainerUrl":"file:/C:/Users/duyplus/.m2/repository/org/projectlombok/lombok/1.18.24/lombok-1.18.24-sources.jar","javadocContainerUrl":"file:/C:/Users/duyplus/.m2/repository/org/projectlombok/lombok/1.18.24/lombok-1.18.24-javadoc.jar","isSystem":false,"isOwn":false,"isTest":false,"isJavaContent":false},{"kind":"binary","path":"C:\\Users\\duyplus\\.m2\\repository\\jstl\\jstl\\1.2\\jstl-1.2.jar","isSystem":false,"isOwn":false,"isTest":false,"isJavaContent":false},{"kind":"source","path":"E:\\HocTap\\workspace\\JAVA5\\SOF302-Lab1\\src\\main\\java","outputFolder":"E:\\HocTap\\workspace\\JAVA5\\SOF302-Lab1\\target\\classes","javadocContainerUrl":"file:/E:/HocTap/workspace/JAVA5/SOF302-Lab1/target/site/apidocs","isSystem":false,"isOwn":true,"isTest":false,"isJavaContent":true},{"kind":"source","path":"E:\\HocTap\\workspace\\JAVA5\\SOF302-Lab1\\src\\test\\java","outputFolder":"E:\\HocTap\\workspace\\JAVA5\\SOF302-Lab1\\target\\test-classes","javadocContainerUrl":"file:/E:/HocTap/workspace/JAVA5/SOF302-Lab1/target/site/apidocs","isSystem":false,"isOwn":true,"isTest":true,"isJavaContent":true},{"kind":"source","path":"E:\\HocTap\\workspace\\JAVA5\\SOF302-Lab1\\src\\main\\resources","outputFolder":"E:\\HocTap\\workspace\\JAVA5\\SOF302-Lab1\\target\\classes","isSystem":false,"isOwn":true,"isTest":false,"isJavaContent":false},{"kind":"source","path":"E:\\HocTap\\workspace\\JAVA5\\SOF302-Lab1\\src\\test\\resources","outputFolder":"E:\\HocTap\\workspace\\JAVA5\\SOF302-Lab1\\target\\test-classes","isSystem":false,"isOwn":true,"isTest":true,"isJavaContent":false},{"kind":"source","path":"E:\\HocTap\\workspace\\JAVA5\\SOF302-Lab1\\src\\test\\java","outputFolder":"E:\\HocTap\\workspace\\JAVA5\\SOF302-Lab1\\target\\test-classes","javadocContainerUrl":"file:/E:/HocTap/workspace/JAVA5/SOF302-Lab1/target/site/apidocs","isSystem":false,"isOwn":true,"isTest":false,"isJavaContent":false}]}